ID,Name,Age,Email
1,John Doe,28,john.doe@example.com
2,Jane Smith,34,jane.smith@example.com
3,Emily Johnson,25,emily.johnson@example.com
4,Michael Brown,42,michael.brown@example.com
5,David Wilson,30,david.wilson@example.com
6,Jessica Davis,27,jessica.davis@example.com
7,Daniel Garcia,38,daniel.garcia@example.com
8,Sarah Martinez,29,sarah.martinez@example.com
9,Matthew Robinson,35,matthew.robinson@example.com
10,Laura Clark,31,laura.clark@example.com
11,James Rodriguez,33,james.rodriguez@example.com
12,Amy Lewis,26,amy.lewis@example.com
13,Andrew Walker,37,andrew.walker@example.com
14,Ashley Hall,32,ashley.hall@example.com
15,Christopher Allen,28,christopher.allen@example.com
16,Patricia Young,29,patricia.young@example.com
17,Joshua Hernandez,36,joshua.hernandez@example.com
18,Elizabeth King,27,elizabeth.king@example.com
19,Kevin Wright,31,kevin.wright@example.com
20,Jennifer Scott,34,jennifer.scott@example.com
